<?xml version="1.0" encoding="UTF-8"?>
<?atoc version='0.0.1'?>
<cset q="plugin" >
<summary  count="3"  totalSize="7183036" >
<digs da="MD5"  count="1" />
<digs da="MD5"  count="1" />
</summary>
<cset id="com.ibm.wmb*" >
<summary  count="2"  totalSize="7124453" >
<digs da="MD5"  count="1" />
<digs da="MD5"  count="1" />
</summary>
<cset v="9.*" >
<summary  count="2"  totalSize="7124453" >
<digs da="MD5"  count="1" />
<digs da="MD5"  count="1" />
</summary>
<cset p="*" >
<summary  count="2"  totalSize="7124453" >
<digs da="MD5"  count="1" />
<digs da="MD5"  count="1" />
</summary>
<af id="com.ibm.wmb.admin.launcher"  v="9.0.0.20141215_1051"  p=""  ex="false"  sz="10901" >
<dig da="MD5"  dv="d1924e6d549febcd85343e88a4156164" />

</af>
<af id="com.ibm.wmb.extension.license"  v="9.0.0.20141215_1051"  p=""  ex="false"  sz="7113552" >
<dig da="MD5"  dv="16dd85ace36f8a3548ade16abbed9a63" />

</af>
</cset>
</cset>
</cset>
<cset id="com.ibm.ws*" >
<summary  count="1"  totalSize="58583" >
<digs da="MD5"  count="1" />
</summary>
<cset v="1.*" >
<summary  count="1"  totalSize="58583" >
<digs da="MD5"  count="1" />
</summary>
<cset p="*" >
<summary  count="1"  totalSize="58583" >
<digs da="MD5"  count="1" />
</summary>
<af id="com.ibm.ws.detect.running.process"  v="1.0.0.201105250241"  p=""  ex="false"  sz="58583" >
<dig da="MD5"  dv="798f34aa1635b6e38334a8dc03219cd3" />

</af>
</cset>
</cset>
</cset>
</cset>