<?xml version="1.0" encoding="UTF-8"?>
<?atoc version='0.0.1'?>
<cset q="file" >
<summary  count="1"  totalSize="8713" >
<digs da="MD5"  count="1" />
</summary>
<cset id="com.ibm.wmb*" >
<summary  count="1"  totalSize="8713" >
<digs da="MD5"  count="1" />
</summary>
<cset v="9.*" >
<summary  count="1"  totalSize="8713" >
<digs da="MD5"  count="1" />
</summary>
<cset p="*" >
<summary  count="1"  totalSize="8713" >
<digs da="MD5"  count="1" />
</summary>
<af id="com.ibm.wmb.admin.custom"  v="9.0.0.20141215_1051"  p="jar"  ex="false"  sz="8713" >
<dig da="MD5"  dv="4a80adf5729e691624ff8d1cfd5193e0" />

</af>
</cset>
</cset>
</cset>
</cset>