<?xml version="1.0" encoding="UTF-8"?>
<?atoc version='0.0.1'?>
<cset q="zip" >
<summary  count="5"  totalSize="550434" >
<digs da="MD5"  count="1" />
<digs da="MD5"  count="1" />
</summary>
<cset id="com.ibm.ws*" >
<summary  count="5"  totalSize="550434" >
<digs da="MD5"  count="1" />
<digs da="MD5"  count="1" />
</summary>
<cset v="9.*" >
<summary  count="5"  totalSize="550434" >
<digs da="MD5"  count="1" />
<digs da="MD5"  count="1" />
</summary>
<cset p="*" >
<summary  count="5"  totalSize="550434" >
<digs da="MD5"  count="1" />
<digs da="MD5"  count="1" />
</summary>
<af id="com.ibm.ws.mb.plugin"  v="9.0.0.20141215_1051"  p=""  ex="false"  sz="11235" >
<dig da="MD5"  dv="1772af0b9d99f8e2cf62e3928aee4a04" />

</af>
<af id="com.ibm.ws.mb.warfile"  v="9.0.0.20141215_1051"  p=""  ex="false"  sz="480517" >
<dig da="MD5"  dv="80e702fd633b0cf12b3ef9a7a09fda87" />

</af>
<af id="com.ibm.ws.mb.feature"  v="9.0.0.20141215_1051"  p=""  ex="false"  sz="8706" >
<dig da="MD5"  dv="e48f2ee42fe148517acea4c822df6725" />

</af>
<af id="com.ibm.ws.mb.profiletemplate"  v="9.0.0.20141215_1051"  p=""  ex="false"  sz="47322" >
<dig da="MD5"  dv="0ce2c7d1a6cb2a4a26960786294fee4d" />

</af>
<af id="com.ibm.ws.mb.console"  v="9.0.0.20141215_1051"  p=""  ex="false"  sz="2654" >
<dig da="MD5"  dv="e4a84faae97411cd66ebc95951164273" />

</af>
</cset>
</cset>
</cset>
</cset>