<?xml version='1.0' encoding='UTF-8'?>
<?repositoryDigest version='0.0.1'?>
<repositoryDigest>
  <repository>
    <property name='LayoutPolicy' value='P1'/>
    <property name='LayoutPolicyVersion' value='0.0.0.1'/>
    <offering id='com.ibm.wmb.extension.wasv7' version='9.0.0.20141215_1051'>
      <information name='%offering.name' version='9.0.0.0'>
        %offering.description
      </information>
      <property name='offering.type' value=''/>
      <property name='default.profile' value=''/>
      <property name='default.user.profile' value=''/>
      <property name='vendor.name' value='IBM'/>
      <property name='offering.service.repositories' value='http://public.dhe.ibm.com/software/websphere/studiotools/wmbt/v80/extensions/'/>
      <property name='offering.RequiresAdmin' value='false'/>
      <property name='offering.SupportsGroupMode' value='true'/>
      <property name='beta.compatible' value='true'/>
      <property name='OfferingReference.LicensesKinds' value=''/>
      <property name='OfferingReference.enablement.lum.id' value=''/>
      <property name='OfferingReference.enablement.lum.version' value=''/>
      <property name='supportedOS' value='win32,linux,hpux,solaris,aix'/>
      <property name='import.enabled' value='true'/>
      <property name='import.profile.validation' value='true'/>
      <dictionary lang='pt_BR'>
        <property name='offering.name' value='IBM Integration Bus Administration para a Versão 7 do WebSphere Application Server'/>
        <property name='offering.description' value='Este pacote deve ser instalado na máquina em que o WebSphere Application Server v7 estiver instalado. Ele instala um recurso que permite a um administrador do WebSphere Application Server visualizar e administrar o Integration Bus.'/>
      </dictionary>
      <dictionary lang='tr'>
        <property name='offering.name' value='IBM Integration Bus Administration for Version 7 of WebSphere Application Server'/>
        <property name='offering.description' value='Bu paket WebSphere Application Server v7 ürününün kurulu olduğu makineye kurulmalıdır. WebSphere Application Server denetimcisinin Integration Bus olanağını görüntülemesine ve denetlemesine olanak sağlayan bir özelliği kurar.'/>
      </dictionary>
      <dictionary lang='pl'>
        <property name='offering.name' value='IBM Integration Bus Administration dla serwera WebSphere Application Server 7'/>
        <property name='offering.description' value='Ten pakiet należy zainstalować na komputerze, na którym jest zainstalowany serwer WebSphere Application Server 7. Spowoduje to zainstalowanie składnika umożliwiającego administratorowi serwera WebSphere Application Server wyświetlenie produktu Integration Bus i administrowanie nim.'/>
      </dictionary>
      <dictionary lang='zh_TW'>
        <property name='offering.name' value='IBM Integration Bus Administration for WebSphere Application Server 第 7 版'/>
        <property name='offering.description' value='本套件應安裝在已安裝 WebSphere Application Server 第 7 版的機器上。它安裝的特性容許 WebSphere Application Sever 管理者檢視及管理 Integration Bus。'/>
      </dictionary>
      <dictionary lang='es'>
        <property name='offering.name' value='Administración de IBM Integration Bus para la Versión 7 de WebSphere Application Server'/>
        <property name='offering.description' value='Este paquete debe instalarse en la máquina donde se haya instalado WebSphere Application Server v7. Instala una característica que permite a un administrador de WebSphere Application Server ver y administrar Integration Bus.'/>
      </dictionary>
      <dictionary lang='it'>
        <property name='offering.name' value='Amministrazione di IBM Integration Bus per la versione 7 di WebSphere Application Server'/>
        <property name='offering.description' value='Questo pacchetto deve essere installato sulla macchina dove è installato WebSphere Application Server v7. Viene installata una funzione che consente a un amministratore di WebSphere Application Sever di visualizzare e amministrare Integration Bus.'/>
      </dictionary>
      <dictionary lang='ja'>
        <property name='offering.name' value='IBM Integration Bus Administration (WebSphere Application Server バージョン 7 用)'/>
        <property name='offering.description' value='このパッケージを、WebSphere Application Server V7 がインストールされているマシンにインストールする必要があります。 WebSphere Application Server 管理者による Integration Bus の表示および管理を可能にするための機能がインストールされます。'/>
      </dictionary>
      <dictionary lang='de'>
        <property name='offering.name' value='IBM Integration Bus Administration für Version 7 von WebSphere Application Server'/>
        <property name='offering.description' value='Dieses Paket sollte auf dem System installiert werden, auf dem auch WebSphere Application Server Version 7 installiert ist. Mit ihm wird eine Komponente installiert, mit der WebSphere Application Server-Administratoren Integration Bus anzeigen und verwalten können.'/>
      </dictionary>
      <dictionary lang='zh'>
        <property name='offering.name' value='IBM Integration Bus Administration for WebSphere Application Server V7'/>
        <property name='offering.description' value='应该将此软件包安装在安装了 WebSphere Application Server V7 的机器上。此软件包将安装一个功能部件，WebSphere Application Sever 管理员可以使用此功能部件来查看和管理 Integration Bus。'/>
      </dictionary>
      <dictionary lang='fr'>
        <property name='offering.name' value='IBM Integration Bus Administration pour la version 7 de WebSphere Application Server'/>
        <property name='offering.description' value='Ce module doit être installé sur la machine où se trouve WebSphere Application Server v7. Il installe une fonctionnalité qui permet à un administrateur WebSphere Application Server d&apos;afficher et de gérer Integration Bus.'/>
      </dictionary>
      <dictionary lang='ru'>
        <property name='offering.name' value='IBM Integration Bus Administration для WebSphere Application Server версии 7'/>
        <property name='offering.description' value='Этот пакет должен быть установлен в системе, в которой установлен WebSphere Application Server версии 7. Он устанавливает комплект, позволяющий администратору WebSphere Application Server просматривать и администрировать экземпляры Integration Bus.'/>
      </dictionary>
      <dictionary lang='default'>
        <property name='offering.name' value='IBM Integration Bus Administration for Version 7 of WebSphere Application Server'/>
        <property name='offering.description' value='This package should be installed on the machine where WebSphere Application Server v7 is installed. It installs a feature that allows a WebSphere Application Sever administrator to view and administer Integration Bus.'/>
      </dictionary>
      <dictionary lang='ko'>
        <property name='offering.name' value='WebSphere Application Server 버전 7용 IBM Integration Bus Administration'/>
        <property name='offering.description' value='WebSphere Application Server v7이 설치되어 있는 시스템에 이 패키지를 설치해야 합니다. 이 패키지는 WebSphere Application Sever 관리자가 Integration Bus를 보고 관리할 수 있는 기능을 설치합니다.'/>
      </dictionary>
      <file name='Offerings/com.ibm.wmb.extension.wasv7_9.0.0.20141215_1051.jar' size='9055' MD5='f45f59f9636d3ce51a890c600646a516'/>
      <file name='Offerings/com.ibm.wmb.extension.wasv7_9.0.0.20141215_1051_SE.jar' size='3226' MD5='b5ed0c414aeb22b8b572dc74d01a132f'/>
    </offering>
    <offering id='com.ibm.wmb.extension.wasv85' version='9.0.0.20141215_1051'>
      <information name='%offering.name' version='9.0.0.0'>
        %offering.description
      </information>
      <property name='offering.type' value=''/>
      <property name='default.profile' value=''/>
      <property name='default.user.profile' value=''/>
      <property name='vendor.name' value='IBM'/>
      <property name='offering.service.repositories' value='http://public.dhe.ibm.com/software/websphere/studiotools/wmbt/v80/extensions/'/>
      <property name='offering.RequiresAdmin' value='false'/>
      <property name='offering.SupportsGroupMode' value='true'/>
      <property name='beta.compatible' value='true'/>
      <property name='OfferingReference.LicensesKinds' value=''/>
      <property name='OfferingReference.enablement.lum.id' value=''/>
      <property name='OfferingReference.enablement.lum.version' value=''/>
      <property name='supportedOS' value='win32,linux,hpux,solaris,zos,aix'/>
      <property name='import.profile.validation' value='true'/>
      <dictionary lang='zh'>
        <property name='offering.name' value='IBM Integration Bus Administration for WebSphere Application Server V8.5'/>
        <property name='offering.description' value='应该将此软件包安装在已安装了 WebSphere Application Server V8.5 的机器上。此软件包将安装一个功能部件，WebSphere Application Sever 管理员可以使用此功能部件来查看和管理 Integration Bus。'/>
      </dictionary>
      <dictionary lang='it'>
        <property name='offering.name' value='Amministrazione di IBM Integration Bus per la versione 8.5 di WebSphere Application Server'/>
        <property name='offering.description' value='Questo pacchetto deve essere installato sulla macchina dove è installato WebSphere Application Server v8.5. Viene installata una funzione che consente a un amministratore di WebSphere Application Sever di visualizzare e amministrare Integration Bus.'/>
      </dictionary>
      <dictionary lang='es'>
        <property name='offering.name' value='Administración de IBM Integration Bus para la Versión 8.5 de WebSphere Application Server'/>
        <property name='offering.description' value='Este paquete debe instalarse en la máquina donde se haya instalado WebSphere Application Server v8.5. Instala una característica que permite a un administrador de WebSphere Application Server ver y administrar Integration Bus.'/>
      </dictionary>
      <dictionary lang='ko'>
        <property name='offering.name' value='WebSphere Application Server 버전 8.5용 IBM Integration Bus Administration'/>
        <property name='offering.description' value='WebSphere Application Server v8.5가 설치되어 있는 시스템에 이 패키지를 설치해야 합니다. 이 패키지는 WebSphere Application Sever 관리자가 Integration Bus를 보고 관리할 수 있는 기능을 설치합니다.'/>
      </dictionary>
      <dictionary lang='ru'>
        <property name='offering.name' value='IBM Integration Bus Administration для WebSphere Application Server версии 8.5'/>
        <property name='offering.description' value='Этот пакет должен быть установлен в системе, в которой установлен WebSphere Application Server версии 8.5. Он устанавливает комплект, позволяющий администратору WebSphere Application Server просматривать и администрировать экземпляры Integration Bus.'/>
      </dictionary>
      <dictionary lang='pt_BR'>
        <property name='offering.name' value='IBM Integration Bus Administration para a Versão 8.5 do WebSphere Application Server'/>
        <property name='offering.description' value='Este pacote deve ser instalado na máquina em que o WebSphere Application Server v8.5 está instalado. Ele instala um recurso que permite a um administrador do WebSphere Application Server visualizar e administrar o Integration Bus.'/>
      </dictionary>
      <dictionary lang='ja'>
        <property name='offering.name' value='IBM Integration Bus Administration (WebSphere Application Server バージョン 8.5 用)'/>
        <property name='offering.description' value='WebSphere Application Server v8.5 がインストールされているマシンにこのパッケージをインストールする必要があります。WebSphere Application Server 管理者による Integration Bus の表示および管理を可能にするための機能がインストールされます。'/>
      </dictionary>
      <dictionary lang='pl'>
        <property name='offering.name' value='IBM Integration Bus Administration dla serwera WebSphere Application Server 8.5'/>
        <property name='offering.description' value='Ten pakiet należy zainstalować na komputerze, na którym zainstalowano serwer WebSphere Application Server 8.5. Spowoduje to zainstalowanie składnika umożliwiającego administratorowi serwera WebSphere Application Server wyświetlenie produktu Integration Bus i administrowanie nim.'/>
      </dictionary>
      <dictionary lang='zh_TW'>
        <property name='offering.name' value='IBM Integration Bus Administration for WebSphere Application Server 8.5 版'/>
        <property name='offering.description' value='本套件應該安裝在已安裝 WebSphere Application Server 8.5 版的機器上。它安裝的特性容許 WebSphere Application Sever 管理者檢視及管理 Integration Bus。'/>
      </dictionary>
      <dictionary lang='default'>
        <property name='offering.name' value='IBM Integration Bus Administration for Version 8.5 of WebSphere Application Server'/>
        <property name='offering.description' value='This package should be installed on the machine where WebSphere Application Server v8.5 is installed. It installs a feature that allows a WebSphere Application Sever administrator to view and administer Integration Bus.'/>
      </dictionary>
      <dictionary lang='de'>
        <property name='offering.name' value='IBM Integration Bus Administration für Version 8.5 von WebSphere Application Server'/>
        <property name='offering.description' value='Dieses Paket sollte auf dem System installiert werden, auf dem auch WebSphere Application Server Version 8.5 installiert ist. Mit ihm wird eine Komponente installiert, mit der WebSphere Application Server-Administratoren Integration Bus anzeigen und verwalten können.'/>
      </dictionary>
      <dictionary lang='tr'>
        <property name='offering.name' value='IBM Integration Bus Administration for Version 8.5 of WebSphere Application Server'/>
        <property name='offering.description' value='Bu paket WebSphere Application Server v8.5 ürününün kurulu olduğu makineye kurulmalıdır. WebSphere Application Server denetimcisinin Integration Bus olanağını görüntülemesine ve denetlemesine olanak sağlayan bir özelliği kurar.'/>
      </dictionary>
      <dictionary lang='fr'>
        <property name='offering.name' value='IBM Integration Bus Administration pour la version 8.5 de WebSphere Application Server'/>
        <property name='offering.description' value='Ce module doit être installé sur la machine où se trouve WebSphere Application Server v8.5. Il installe une fonctionnalité qui permet à un administrateur WebSphere Application Server d&apos;afficher et de gérer Integration Bus.'/>
      </dictionary>
      <file name='Offerings/com.ibm.wmb.extension.wasv85_9.0.0.20141215_1051.jar' size='9289' MD5='a06990957533fcbd915ddbd126edcb59'/>
      <file name='Offerings/com.ibm.wmb.extension.wasv85_9.0.0.20141215_1051_SE.jar' size='3897' MD5='347ae3f0dc8f30af4573b7298a62f1c0'/>
    </offering>
    <offering id='com.ibm.wmb.extension.wasv8' version='9.0.0.20141215_1051'>
      <information name='%offering.name' version='9.0.0.0'>
        %offering.description
      </information>
      <property name='offering.type' value=''/>
      <property name='default.profile' value=''/>
      <property name='default.user.profile' value=''/>
      <property name='vendor.name' value='IBM'/>
      <property name='offering.service.repositories' value='http://public.dhe.ibm.com/software/websphere/studiotools/wmbt/v80/extensions/'/>
      <property name='offering.RequiresAdmin' value='false'/>
      <property name='offering.SupportsGroupMode' value='true'/>
      <property name='beta.compatible' value='true'/>
      <property name='OfferingReference.LicensesKinds' value=''/>
      <property name='OfferingReference.enablement.lum.id' value=''/>
      <property name='OfferingReference.enablement.lum.version' value=''/>
      <property name='supportedOS' value='win32,linux,hpux,solaris,zos,aix'/>
      <property name='import.profile.validation' value='true'/>
      <dictionary lang='tr'>
        <property name='offering.name' value='IBM Integration Bus Administration for Version 8 of WebSphere Application Server'/>
        <property name='offering.description' value='Bu paket WebSphere Application Server v8 ürününün kurulu olduğu makineye kurulmalıdır. WebSphere Application Server denetimcisinin Integration Bus olanağını görüntülemesine ve denetlemesine olanak sağlayan bir özelliği kurar.'/>
      </dictionary>
      <dictionary lang='pl'>
        <property name='offering.name' value='IBM Integration Bus Administration dla serwera WebSphere Application Server 8'/>
        <property name='offering.description' value='Ten pakiet należy zainstalować na komputerze, na którym jest zainstalowany serwer WebSphere Application Server 8. Spowoduje to zainstalowanie składnika umożliwiającego administratorowi serwera WebSphere Application Server wyświetlenie produktu Integration Bus i administrowanie nim.'/>
      </dictionary>
      <dictionary lang='default'>
        <property name='offering.name' value='IBM Integration Bus Administration for Version 8 of WebSphere Application Server'/>
        <property name='offering.description' value='This package should be installed on the machine where WebSphere Application Server v8 is installed. It installs a feature that allows a WebSphere Application Sever administrator to view and administer Integration Bus.'/>
      </dictionary>
      <dictionary lang='pt_BR'>
        <property name='offering.name' value='IBM Integration Bus Administration para a Versão 8 do WebSphere Application Server'/>
        <property name='offering.description' value='Este pacote deve ser instalado na máquina em que o WebSphere Application Server v8 estiver instalado. Ele instala um recurso que permite a um administrador do WebSphere Application Server visualizar e administrar o Integration Bus.'/>
      </dictionary>
      <dictionary lang='it'>
        <property name='offering.name' value='Amministrazione di IBM Integration Bus per la versione 8 di WebSphere Application Server'/>
        <property name='offering.description' value='Questo pacchetto deve essere installato sulla macchina dove è installato WebSphere Application Server v8. Viene installata una funzione che consente a un amministratore di WebSphere Application Sever di visualizzare e amministrare Integration Bus.'/>
      </dictionary>
      <dictionary lang='de'>
        <property name='offering.name' value='IBM Integration Bus Administration für Version 8 von WebSphere Application Server'/>
        <property name='offering.description' value='Dieses Paket sollte auf dem System installiert werden, auf dem auch WebSphere Application Server Version 8 installiert ist. Mit ihm wird eine Komponente installiert, mit der WebSphere Application Server-Administratoren Integration Bus anzeigen und verwalten können.'/>
      </dictionary>
      <dictionary lang='es'>
        <property name='offering.name' value='Administración de IBM Integration Bus para la Versión 8 de WebSphere Application Server'/>
        <property name='offering.description' value='Este paquete debe instalarse en la máquina donde se haya instalado WebSphere Application Server v8. Instala una característica que permite a un administrador de WebSphere Application Server ver y administrar Integration Bus.'/>
      </dictionary>
      <dictionary lang='ru'>
        <property name='offering.name' value='IBM Integration Bus Administration для WebSphere Application Server версии 8'/>
        <property name='offering.description' value='Этот пакет должен быть установлен в системе, в которой установлен WebSphere Application Server v8. Он устанавливает комплект, позволяющий администратору WebSphere Application Server просматривать и администрировать экземпляры Integration Bus.'/>
      </dictionary>
      <dictionary lang='ko'>
        <property name='offering.name' value='WebSphere Application Server 버전 8용 IBM Integration Bus Administration'/>
        <property name='offering.description' value='WebSphere Application Server v8이 설치되어 있는 시스템에 이 패키지를 설치해야 합니다. 이 패키지는 WebSphere Application Sever 관리자가 Integration Bus를 보고 관리할 수 있는 기능을 설치합니다.'/>
      </dictionary>
      <dictionary lang='ja'>
        <property name='offering.name' value='IBM Integration Bus Administration (WebSphere Application Server バージョン 8 用)'/>
        <property name='offering.description' value='このパッケージを、WebSphere Application Server V8 がインストールされているマシンにインストールする必要があります。 WebSphere Application Server 管理者による Integration Bus の表示および管理を可能にするための機能がインストールされます。'/>
      </dictionary>
      <dictionary lang='fr'>
        <property name='offering.name' value='IBM Integration Bus Administration pour la version 8 de WebSphere Application Server'/>
        <property name='offering.description' value='Ce module doit être installé sur la machine où se trouve WebSphere Application Server v8. Il installe une fonctionnalité qui permet à un administrateur WebSphere Application Server d&apos;afficher et de gérer Integration Bus.'/>
      </dictionary>
      <dictionary lang='zh'>
        <property name='offering.name' value='IBM Integration Bus Administration for WebSphere Application Server V8'/>
        <property name='offering.description' value='应该将此软件包安装在安装了 WebSphere Application Server V8 的机器上。此软件包将安装一个功能部件，WebSphere Application Sever 管理员可以使用此功能部件来查看和管理 Integration Bus。'/>
      </dictionary>
      <dictionary lang='zh_TW'>
        <property name='offering.name' value='IBM Integration Bus Administration for WebSphere Application Server 第 8 版'/>
        <property name='offering.description' value='本套件應安裝在已安裝 WebSphere Application Server 第 8 版的機器上。它安裝的特性容許 WebSphere Application Sever 管理者檢視及管理 Integration Bus。'/>
      </dictionary>
      <file name='Offerings/com.ibm.wmb.extension.wasv8_9.0.0.20141215_1051.jar' size='9203' MD5='45b5f7cca5f14ccb37a75e99beef03bc'/>
      <file name='Offerings/com.ibm.wmb.extension.wasv8_9.0.0.20141215_1051_SE.jar' size='3231' MD5='6cbbdc86473b3f49c0146bab1b628c41'/>
    </offering>
  </repository>
</repositoryDigest>
