<?xml version="1.0" encoding="UTF-8"?>
<application id="Application_ID" version="1.4" xmlns="http://java.sun.com/xml/ns/j2ee" xmlns:xsi="http://www.w3.org/2001/XMLSchema-instance" xsi:schemaLocation="http://java.sun.com/xml/ns/j2ee http://java.sun.com/xml/ns/j2ee/application_1_4.xsd">
	<display-name>
	BSFNMultipleExecutionSampleApp</display-name>
	<module id="EjbModule_1169158408425">
		<ejb>BSFNMultipleExecutionSampleEJB.jar</ejb>
	</module>
	<module id="ConnectorModule_1250152849046">
		<connector>CWYED_JDE.rar</connector>
	</module>
</application>
