<?xml version="1.0" encoding="UTF-8"?>
<ejb-jar id="ejb-jar_ID" version="2.1" xmlns="http://java.sun.com/xml/ns/j2ee" xmlns:xsi="http://www.w3.org/2001/XMLSchema-instance" xsi:schemaLocation="http://java.sun.com/xml/ns/j2ee http://java.sun.com/xml/ns/j2ee/ejb-jar_2_1.xsd">
    <description>This J2EE module was generated to support a business integration module. The contents of this module should not be directly modified. Direct modifications may be overwritten the next time the integration module project is built in WebSphere Integration Developer.  Also, direct modifications to this module may result in an invalid application.</description>
	<display-name>Real-timeEventSampleEJB</display-name>
	<enterprise-beans>
	
		<session id="Module">
			<description>Module</description>
			<ejb-name>Module</ejb-name> 
			<local-home>com.ibm.wsspi.sca.ejb.module.ServiceLocalHome</local-home> 
			<local>com.ibm.wsspi.sca.ejb.module.ServiceLocal</local> 
			<ejb-class>com.ibm.wsspi.sca.ejb.module.impl.ModuleSessionBean</ejb-class> 
			<session-type>Stateless</session-type> 
			<transaction-type>Container</transaction-type>
            
		
        
        

			<!-- extension-point service-ref -->
			
			<!-- extension-point resource-ref --><!-- begin-extension resource-ref -->
  	
  			
	

  			<!-- end-extension -->

		
		</session>  
		
	

	
	
		<message-driven id="ServiceSIBusMessageBean">
			<ejb-name>ServiceSIBusMessageBean</ejb-name>
			<ejb-class>com.ibm.wsspi.sca.async.bean.impl.ServiceSIBusMessageBean</ejb-class>
            <messaging-type>com.ibm.wsspi.sib.ra.SibRaMessageListener</messaging-type>
			<transaction-type>Container</transaction-type>
		</message-driven>	

		<!-- extension-point message-driven --><!-- begin-extension message-driven -->
	
	<message-driven id="export.JDEInboundInterfaceEIS">
		<ejb-name>export.JDEInboundInterfaceEIS</ejb-name>
		<ejb-class>export.JDEInboundInterfaceListenerImpl</ejb-class>
		<messaging-type>com.ibm.j2ca.base.ExtendedInboundListener</messaging-type>
		<transaction-type>Container</transaction-type>
		<message-destination-type>javax.jms.Destination</message-destination-type>
		<env-entry>
			<description>
			</description>
			<env-entry-name>exportName</env-entry-name>
			<env-entry-type>java.lang.String</env-entry-type>
			<env-entry-value>JDEInboundInterface</env-entry-value>
		</env-entry>
	</message-driven>
		
	
		 <!-- end-extension -->
        
	</enterprise-beans>
	
	<assembly-descriptor>
	

		<container-transaction>
			<method>
				<ejb-name>Module</ejb-name>
				<method-intf>Local</method-intf>
				<method-name>getCallerPrincipal</method-name>
			</method>
			<method>
				<ejb-name>Module</ejb-name>
				<method-intf>Local</method-intf>
				<method-name>getResource</method-name>
			</method>
			<method>
				<ejb-name>Module</ejb-name>
				<method-intf>Local</method-intf>
				<method-name>isCallerInRole</method-name>
			</method>
			<method>
				<ejb-name>Module</ejb-name>
				<method-intf>Local</method-intf>
				<method-name>processMessage</method-name>
			</method>
			<method>
				<ejb-name>Module</ejb-name>
				<method-intf>Local</method-intf>
				<method-name>processMessageBytes</method-name>
			</method>
			<method>
				<ejb-name>Module</ejb-name>
				<method-intf>Local</method-intf>
				<method-name>processMessageString</method-name>
			</method>
			<method>
				<ejb-name>Module</ejb-name>
				<method-intf>Local</method-intf>
				<method-name>resolveEJBRef</method-name>
			</method>
			<method>
				<ejb-name>Module</ejb-name>
				<method-intf>Local</method-intf>
				<method-name>transactionSupportsActivitySessionNotSupported</method-name>
			</method>
			<method>
				<ejb-name>Module</ejb-name>
				<method-intf>Local</method-intf>
				<method-name>transactionSupportsActivitySessionRequired</method-name>
			</method>
			<method>
				<ejb-name>Module</ejb-name>
				<method-intf>Local</method-intf>
				<method-name>transactionSupportsActivitySessionSupports</method-name>
			</method>
			<trans-attribute>Supports</trans-attribute>
		</container-transaction>
		<container-transaction>
			<method>
				<ejb-name>Module</ejb-name>
				<method-intf>Local</method-intf>
				<method-name>transactionNotSupportedActivitySessionNotSupported</method-name>
			</method>
			<method>
				<ejb-name>Module</ejb-name>
				<method-intf>Local</method-intf>
				<method-name>transactionNotSupportedActivitySessionRequired</method-name>
			</method>
			<method>
				<ejb-name>Module</ejb-name>
				<method-intf>Local</method-intf>
				<method-name>transactionNotSupportedActivitySessionSupports</method-name>
			</method>
			<trans-attribute>NotSupported</trans-attribute>
		</container-transaction>
		<container-transaction>
			<method>
				<ejb-name>Module</ejb-name>
				<method-intf>Local</method-intf>
				<method-name>transactionRequiredActivitySessionNotSupported</method-name>
			</method>
			<method>
				<ejb-name>Module</ejb-name>
				<method-intf>Local</method-intf>
				<method-name>transactionRequiredActivitySessionRequired</method-name>
			</method>
			<method>
				<ejb-name>Module</ejb-name>
				<method-intf>Local</method-intf>
				<method-name>transactionRequiredActivitySessionSupports</method-name>
			</method>
			<trans-attribute>Required</trans-attribute>
		</container-transaction>
		
	
		
	
	
		
	
        <container-transaction>
            <method>
                <ejb-name>ServiceSIBusMessageBean</ejb-name>
                <method-name>onMessage</method-name>
                <method-params>
                    <method-param>com.ibm.wsspi.sib.core.SIBusMessage</method-param>
					<method-param>com.ibm.wsspi.sib.core.AbstractConsumerSession</method-param>
					<method-param>com.ibm.wsspi.sib.core.SITransaction</method-param>
                </method-params>
            </method>
            <trans-attribute>Required</trans-attribute>
        </container-transaction>	
		
	</assembly-descriptor>	
</ejb-jar>
