<?xml version='1.0' encoding='UTF-8'?>
<?atoc version='0.0.2'?>
<atoc>
<summary  count='9'  totalSize='7742183' >
<digs da='MD5'  count='1' />
<digs da='MD5'  count='1' />
</summary>
<cset n='eclipse' >
<summary  count='3'  totalSize='7183036' >
<digs da='MD5'  count='1' />
</summary>
<cset q='plugin'  href='nq/eclipse_plugin.xml'  size='1471' md5='50b8a00559923c60f672035b3afb5e3a'>
<summary  count='3'  totalSize='7183036' >
<digs da='MD5'  count='1' />
</summary>
</cset>
</cset>
<cset n='native' >
<summary  count='6'  totalSize='559147' >
<digs da='MD5'  count='1' />
<digs da='MD5'  count='1' />
</summary>
<cset q='zip'  href='nq/native_zip.xml'  size='1416' md5='581cc22ff5124ef2d1376b5135062b35'>
<summary  count='5'  totalSize='550434' >
<digs da='MD5'  count='1' />
<digs da='MD5'  count='1' />
</summary>
</cset>
<cset q='file'  href='nq/native_file.xml'  size='669' md5='e211d7e0c464eabd1cd798e0818a5bff'>
<summary  count='1'  totalSize='8713' >
<digs da='MD5'  count='1' />
</summary>
</cset>
</cset></atoc>